a',,,,
ab',,,,
abdominal',,,,
able',,,,
abnormally',,,,
'aboard',,,,
about',,,,
above',,,,
abroad',,,,
abscence',,,,
'absence',,,,
'absent',,,,
'abundant',,,,
abutment',,,,
'accessory',,,,
'accident',,,,
accidentally',,,,
accompanied',,,,
accompanying',,,,
according',,,,
'accordingly',,,,
'accounting',,,,
'accumulated',,,,
'accumulating',,,,
'accustomed',,,,
'acquire',,,,
'across',,,,
'acting',,,,
'action',,,,
'active',,,,
'activity',,,,
'actually',,,,
'add',,,,
'added',,,,
'adjacent',,,,
'adjust',,,,
'adjustment',,,,
'admire',,,,
'adolescent',,,,
'adorable',,,,
adorned',,,,
'adventuring',,,,
'adventurous',,,,
'advertising',,,,
'aesthetic',,,,
'afar',,,,
'affection',,,,
'affixed',,,,
'afraid',,,,
'after',,,,
'afternoon',,,,
'afterwards',,,,
again',,,,
'against',,,,
'age',,,,
'aggressive',,,,
agora',,,,
'agree',,,,
'agricultural',,,,
ah',,,,
'ahead',,,,
aim',,,,
'aimed',,,,
'air',,,,
'aircraft',,,,
'airliner',,,,
'albeit',,,,
'alert',,,,
'aligned',,,,
all',,,,
'allegation',,,,
'allowed',,,,
'almost',,,,
'alone',,,,
'along',,,,
'alongside',,,,
'already',,,,
also',,,,
'alternately',,,,
'alternative',,,,
'although',,,,
'altitude',,,,
'always',,,,
am',,,,
'amateur',,,,
'amazing',,,,
'amazingly',,,,
'ambiguous',,,,
'amenable',,,,
'american',,,,
'among',,,,
'amount',,,,
'amp',,,,
'amplified',,,,
'amusement',,,,
'amusing',,,,
an',,,,
an',,,,
'analog',,,,
'anchored',,,,
'ancient',,,,
and',,,,
'and',,,,
'angelina',,,,
'angkor',,,,
'angle',,,,
'angry',,,,
'angular',,,,
animalrelated',,,,
'animals',,,,
'anniversary',,,,
'annoying',,,,
'another',,,,
'anxious',,,,
any',,,,
'any',,,,
'anyone',,,,
'anything',,,,
'anytime',,,,
'anyway',,,,
'anywhere',,,,
'apart',,,,
apparently',,,,
'appeal',,,,
'appeal',,,,
'appealing',,,,
'appear',,,,
'appearance',,,,
'appeared',,,,
'appeared',,,,
'appearing',,,,
'appearing',,,,
'appears',,,,
'appears',,,,
'appetite',,,,
'applied',,,,
'apply',,,,
'apply',,,,
'applying',,,,
'applying',,,,
'appreciated',,,,
'approach',,,,
'approach',,,,
'approach',,,,
'approaching',,,,
'arabicstyle',,,,
'arc',,,,
'arctic',,,,
are',,,,
are',,,,
'area',,,,
'aroma',,,,
'around',,,,
'arrange',,,,
'arrange',,,,
'arranged',,,,
'arranged',,,,
'arrangement',,,,
'arranging',,,,
'arrival',,,,
'arrive',,,,
'arrive',,,,
'arrived',,,,
'arrived',,,,
'arrives',,,,
'arrives',,,,
'article',,,,
'artificially',,,,
'artificially',,,,
'artistic',,,,
as',,,,
'as',,,,
ashikaga',,,,
'ashikaga',,,,
'asia',,,,
'asians',,,,
'aside',,,,
'ask',,,,
'ask',,,,
'asked',,,,
'asked',,,,
'asking',,,,
'asleep',,,,
'assertive',,,,
'assimilating',,,,
'assistant',,,,
at',,,,
at',,,,
'atmosphere',,,,
'attached',,,,
attaching',,,,
'attaching',,,,
'attacked',,,,
'attacked',,,,
'attacking',,,,
'attending',,,,
'attention',,,,
'attitude',,,,
'attract',,,,
'attraction',,,,
attractions',,,,
'attractive',,,,
'aunt',,,,
'automatic',,,,
'automation',,,,
'automation',,,,
'autumn',,,,
'autumnal',,,,
'autumnal',,,,
'avantgarde',,,,
'avenue',,,,
'avoid',,a=1:156,,
'avoidance',,,,
'avoidance',,,,
'avoided',,,,
'avoided',,,,
'await',,,,
'await',,,,
'awake',,,,
'away',,,,
'awesome',,,,
ay',,,,
'ay',,,,
'aye',,,,
'aye',,,,
'back',,,,
'backbone',,,,
'backdrop',,,,
'backed',,,,
'backed',,,,
'background',,,,
'backing',,,,
'backing',,,,
'backlight',,,,
'backlight',,,,
'backlit',,,,
'backrest',,,,
'backward',,,,
'backwards',,,,
'backwards',,,,
'bad',,,,
baggage',,,,
'bait',,,,
'baking',,,,
'balance',,,,
'bang',,,,
'bare',,,,
'barefoot',,,,
'barking',,,,
'barley',,,,
'base',,,,
based',,,,
'based',,,,
bashabasha',,,,
bashabasha',,,,
'basis',,,,
basketbags',,,,
'basketbags',,,,
'bathing',,,,
be',,,,
be',,,,
'beachfront',,,,
beakers',,,,
'bearded',,,,
'bearded',,,,
'beat',,,,
'beaten',,,,
'beautiful',,,,
'beautifully',,,,
'beautifully',,,,
'beauty',,,,
'beauty',,,,
'became',,,,
'became',,,,
'because',,,,
'because',,,,
'become',,,,
'becomes',,,,
'becomes',,,,
'becoming',,,,
'becoming',,,,
'bedded',,,,
'bedded',,,,
'bedding',,,,
'bedmaking',,,,
'bedmaking',,,,
'been',,,,
'bees',,,,
'before',,,,
'before',,,,
'began',,,,
'began',,,,
'beginning',,,,
'behind',,,,
'beige',,,,
'being',,,,
'belly',,,,
'belongs',,,,
'below',,,,
'bend',,,,
'beneath',,,,
'beneath',,,,
'benefit',,,,
'bent',,,,
'berthing',,,,
'beside',,,,
'besides',,,,
'besides',,,,
'best',,,,
'bet',,,,
'better',,,,
'betting',,,,
'betting',,,,
'between',,,,
'beverage',,,,
'beyond',,,,
'big',,,,
'bigger',,,,
'bigger',,,,
'bill',,,,
'bind',,,,
'binocular',,,,
'birch',,,,
'birds',,,,
'birdseye',,,,
'birthday',,,,
'bit',,,,
'blackandwhite',,,,
'blackhaired',,,,
'blackish',,,,
'blackish',,,,
'blackskinned',,,,
'blazing',,,,
'bleached',,,,
'block',,,,
'blond',,,,
'blond',,,,
'bloom',,,,
'blooming',,,,
'blooming',,,,
'blow',,,,
'blow',,,,
'blower',,,,
'blowin',,,,
'blowin',,,,
'blowing',,,,
'bluecolored',,,,
'blueness',,,,
'blueness',,,,
'bluepurple',,,,
'blunt',,,,
'blurred',,,,
'blurry',,,,
'boar',,,,
'board',,,,
'boatboarding',,,,
'boatboarding',,,,
'bob',,,,
'body',,,,
'bodysuits',,,,
'bodysuits',,,,
'boiled',,,,
'boiled',,,,
'boiling',,,,
'boldly',,,,
'boon',,,,
'boot',,,,
'border',,,,
'bored',,,,
'born',,,,
'bosslike',,,,
'both',,,,
'both',,,,
'bottom',,,,
'bouncing',,,,
'boundary',,,,
'bowed',,,,
'bowed',,,,
'bowel',,,,
'bowl',,,,
'boxer',,,,
'boxing',,,,
'boys',,,,
'bragging',,,,
'braided',,,,
'braided',,,,
'braised',,,,
'branches',,,,
'brand',,,,
'brave',,,,
'break',,,,
'breaking',,,,
'breaking',,,,
'bream',,,,
'breast',,,,
'breath',,,,
'breeze',,,,
'brickcolored',,,,
'bricklike',,,,
'bricklike',,,,
'brickwalled',,,,
'brickwalled',,,,
'bright',,,,
'brightened',,,,
'brightened',,,,
'brightening',,,,
'brightening',,,,
'brightly',,,,
'brightly',,,,
'brightness',,,,
'brightness',,,,
'brilliant',,,,
'brim',,,,
'bristle',,,,
'broad',,,,
'broke',,,,
'broke',,,,
'brother',,,,
'brought',,,,
'brownish',,,,
'brownish',,,,
'brushing',,,,
'brushing',,,,
'bud',,,,
'buggy',,,,
'buildings',,,,
'built',,,,
'built',,,,
'bulging',,,,
'bulky',,,,
'bulletin',,,,
'bullfight',,,,
'bullfighting',,,,
'bump',,,,
'bump',,,,
'bumpy',,,,
'bunch',,,,
'bundle',,,,
'bundled',,,,
'buried',,,,
'burn',,,,
'burn',,,,
'burned',,,,
'burned',,,,
'burnt',,,,
'bursting',,,,
'bushy',,,,
'busy',,,,
but',,,,
'but',,,,
'butt',,,,
'butt',,,,
'buy',,,,
by',,,,
by',,,,
'café',,,,
'café',,,,
'calcium',,,,
'call',,,,
'call',,,,
'called',,,,
'called',,,,
'calling',,,,
'calm',,,,
'calmness',,,,
'calmness',,,,
'cambodia',,,,
'came',,,,
'camisole',,,,
'camp',,,,
'camp',,,,
can',,,,
'can',,,,
'canada',,,,
'canadas',,,,
'canadian',,,,
'canadian',,,,
'canoeing',,,,
'canoeing',,,,
'capture',,,,
'care',,,,
'careful',,,,
'carefully',,,,
'carefully',,,,
'caressing',,,,
'carnivorous',,,,
'carpenter',,,,
'carpets',,,,
'carried',,,,
'carried',,,,
'carry',,,,
'carry',,,,
'carryback',,,,
'carrybacks',,,,
'carrybacks',,,,
'carrying',,,,
'cast',,,,
'caster',,,,
'caster',,,,
'casting',,,,
'casual',,,,
'casually',,,,
'casually',,,,
'casualty',,,,
'catch',,,,
'catching',,,,
'catching',,,,
'cathoderay',,,,
'cathoderay',,,,
'catstain',,,,
'catstain',,,,
'caught',,,,
'caught',,,,
'caused',,,,
'caution',,,,
'cedar',,,,
'celebration',,,,
'cemented',,,,
'center',,,,
'central',,,,
'central',,,,
'centrifugal',,,,
'certain',,,,
'cessna',,,,
'chaise',,,,
'chance',,,,
'change',,,,
'changed',,,,
'changed',,,,
'changing',,,,
'channel',,,,
'character',,,,
'charge',,,,
'chari',,,,
'charm',,,,
'charming',,,,
'chasing',,,,
'chatting',,,,
'cheap',,,,
'cheapness',,,,
'cheapness',,,,
check',,,,
'check',,,,
'checked',,,,
'checking',,,,
'checking',,,,
'cheer',,,,
'cheerfully',,,,
'cheerfully',,,,
'cheesy',,,,
'cherish',,,,
'cherished',,,,
'cherished',,,,
'chi',,,,
'chic',,,,
'chick',,,,
'chicks',,,,
'childhood',,,,
'childhood',,,,
'children',,,,
'chilling',,,,
'chilly',,,,
'chima',,,,
'chima',,,,
'chimachogori',,,,
'chimachogori',,,,
'chin',,,,
'china',,,,
'china',,,,
'chip',,,,
'chirals',,,,
'chirals',,,,
chirping',,,,
'chogori',,,,
'chogori',,,,
'choose',,,,
'choose',,,,
'choosing',,,,
'chopped',,,,
'chopped',,,,
'chopping',,,,
'christ',,,,
'chunk',,,,
'circling',,,,
'circular',,,,
'circular',,,,
'circumference',,,,
'cirsus',,,,
citylike',,,,
'citylike',,,,
'cityscape',,,,
'claim',,,,
'clamped',,,,
'clarify',,,,
'classic',,,,
'classical',,,,
'classmate',,,,
'claus',,,,
'clay',,,,
'clean',,,,
'cleaner',,,,
'cleaning',,,,
'cleanliness',,,,
'cleanliness',,,,
'cleanly',,,,
'cleanly',,,,
'clear',,,,
'clearly',,,,
'click',,,,
'clifflike',,,,
'climate',,,,
'climb',,,,
'climb',,,,
'climbing',,,,
'clinging',,,,
'clip',,,,
'clipping',,,,
'clogged',,,,
'close',,,,
'closed',,,,
'closely',,,,
'closely',,,,
'closer',,,,
'closer',,,,
'closeup',,,,
'closeup',,,,
'closing',,,,
'closing',,,,
'clothing',,,,
'clothlike',,,,
'clouded',,,,
'clouded',,,,
'clouds',,,,
'cloudy',,,,
'clump',,,,
'cluster',,,,
'clustered',,,,
'clustered',,,,
'coalbased',,,,
'coarse',,,,
'coaty',,,,
'coaty',,,,
'cobbled',,,,
'cobbledown',,,,
'cock',,,,
'coins',,,,
'cold',,,,
'collapse',,,,
'collect',,,,
'collect',,,,
'collecting',,,,
'color',,,,
'coloration',,,,
'colored',,,,
'colorful',,,,
colorfully',,,,
'colorfully',,,,
'coloring',,,,
'coloring',,,,
'column',,,,
'combination',,,,
'combine',,,,
'combine',,,,
come',,,,
'come',,,,
'comfortable',,,,
'comfortably',,,,
'comfortably',,,,
'comical',,,,
'coming',,,,
'commercial',,,,
'common',,,,
'communication',,,,
'compact',,,,
'companion',,,,
'company',,,,
'compare',,,,
'compete',,,,
'compete',,,,
'competition',,,,
'complaining',,,,
'complement',,,,
'completed',,,,
'completely',,,,
'completion',,,,
'completion',,,,
'complicated',,,,
'composed',,,,
'composition',,,,
'concentrate',,,,
'concentrate',,,,
'concentrated',,,,
'concentration',,,,
'concentrically',,,,
'concept',,,,
'concerned',,,,
'condition',,,,
'condominium',,,,
'confection',,,,
'conference',,,,
'confidence',,,,
'confirm',,,,
'confused',,,,
'congested',,,,
'congestion',,,,
'congestion',,,,
'congratulatory',,,,
'coniferous',,,,
'connected',,,,
'connecting',,,,
'connecting',,,,
'connects',,,,
'connects',,,,
'consciousness',,,,
'consequently',,,,
'considerable',,,,
'considerable',,,,
'considerably',,,,
'considerably',,,,
'consideration',,,,
'consideration',,,,
'considered',,,,
'considered',,,,
'considering',,,,
'conspicuous',,,,
'constructed',,,,
'constructed',,,,
'consulting',,,,
'consume',,,,
'contact',,,,
'contained',,,,
'contained',,,,
'containing',,,,
'contains',,,,
'contains',,,,
'content',,,,
'continent',,,,
'continue',,,,
'continue',,,,
'continues',,,,
'continues',,,,
'continuing',,,,
'contour',,,,
'contrary',,,,
'contrast',,,,
'contrasting',,,,
'contrasting',,,,
'control',,,,
'convention',,,,
'conversation',,,,
'conveyed',,,,
'conveyorbelts',,,,
'cooking',,,,
'cooktops',,,,
'cooky',,,,
'cooky',,,,
'cool',,,,
'coolly',,,,
'coolly',,,,
'copied',,,,
'copied',,,,
'copy',,,,
'corner',,,,
'corrective',,,,
'corroded',,,,
'cosplayed',,,,
'costumes',,,,
'cottonlike',,,,
could',,,,
'could',,,,
'counted',,,,
'counter',,,,
'counterfeit',,,,
'countertop',,,,
'countless',,,,
'country',,,,
'couple',,,,
'courage',,,,
'course',,,,
'cover',,,,
covered',,,,
'covered',,,,
'covering',,,,
'cows',,,,
'cozy',,,,
'crack',,,,
'cracked',,,,
'crackling',,,,
'cramped',,,,
'cranelike',,,,
'cranky',,,,
'crawling',,,,
'creamcolored',,,,
'created',,,,
'created',,,,
'creates',,,,
'creating',,,,
'creatures',,,,
'creepy',,,,
'crime',,,,
'crisis',,,,
'crisp',,,,
'crispy',,,,
'crispy',,,,
'crook',,,,
'crooked',,,,
'crop',,,,
'cross',,,,
'crossed',,,,
'crossing',,,,
'crouching',,,,
'crowded',,,,
crt',,,,
crt',,,,
'crt',,,,
crts',,,,
'cruiser',,,,
'cruising',,,,
'crumbled',,,,
'crumbling',,,,
'crumbling',,,,
'crushing',,,,
'ct',,,,
'cuddle',,,,
'cuddle',,,,
'cuddled',,,,
'cuddled',,,,
'cue',,,,
'cultural',,,,
'culture',,,,
'cumbersome',,,,
'cumulonimbus',,,,
'curator',,,,
'curious',,,,
'curly',,,,
'current',,,,
'currently',,,,
'currently',,,,
'curve',,,,
'curve',,,,
'curved',,,,
'curves',,,,
'custom',,,,
'customer',,,,
'customers',,,,
'cut',,,,
'cute',,,,
'cutting',,,,
'cuttingedge',,,,
'cuttingedge',,,,
'cycling',,,,
'cylindrical',,,,
'cylindrical',,,,
'dad',,,,
'daily',,,,
'damp',,,,
'damping',,,,
'damping',,,,
'dance',,,,
'danger',,,,
'dangerous',,,,
'dangerous',,,,
'dangerously',,,,
'darkcolored',,,,
'darker',,,,
'darker',,,,
'darkness',,,,
'daughter',,,,
'day',,,,
'dazzling',,,,
'dead',,,,
'deal',,,,
'dealer',,,,
'death',,,,
'decanter',,,,
'deceased',,,,
'decided',,,,
'deciduous',,,,
'decimal',,,,
'decorate',,,,
'decorate',,,,
'decorated',,,,
'decorated',,,,
'decorating',,,,
'decorating',,,,
'decorative',,,,
'decorative',,,,
'decoyed',,,,
'dedicated',,,,
'deep',,,,
'deepfried',,,,
'deeply',,,,
'deeply',,,,
'deerlike',,,,
'defect',,,,
'defeganta',,,,
'defeganta',,,,
'definitely',,,,
'deflate',,,,
'deflate',,,,
'deflating',,,,
'deformed',,,,
'degree',,,,
'delicate',,,,
'delicious',,,,
'deliciously',,,,
'deliciously',,,,
'delight',,,,
'demo',,,,
'demonstrating',,,,
'demonstration',,,,
'dense',,,,
'densely',,,,
'departs',,,,
'departs',,,,
'departure',,,,
'dependable',,,,
'depicting',,,,
'deposited',,,,
'depressed',,,,
'depth',,,,
'descended',,,,
'descended',,,,
'descending',,,,
'descends',,,,
'descends',,,,
'descent',,,,
'descent',,,,
'describing',,,,
'descriptor',,,,
'descriptor',,,,
'deserted',,,,
'design',,,,
designed',,,,
'designed',,,,
'desolate',,,,
'desperate',,,,
'desperately',,,,
'desperately',,,,
'despite',,,,
'destination',,,,
'destroy',,,,
'destroy',,,,
'destroyed',,,,
'destructive',,,,
'detail',,,,
'detailing',,,,
'detailing',,,,
'detained',,,,
'developing',,,,
'development',,,,
'dexterity',,,,
'dexterous',,,,
'dexterous',,,,
'diagonal',,,,
'diagonally',,,,
'diagonally',,,,
'dial',,,,
'dialstyle',,,,
'dialstyle',,,,
'diameter',,,,
dicek',,,,
dicek',,,,
'did',,,,
'diet',,,,
'difference',,,,
'difference',,,,
'different',,,,
'difficult',,,,
'difficulty',,,,
'difficulty',,,,
'dig',,,,
'digesting',,,,
'digestive',,,,
'digestive',,,,
'digging',,,,
'digitally',,,,
'digitally',,,,
'dignified',,,,
'dignified',,,,
'dignifiedly',,,,
'dignifiedly',,,,
'dignity',,,,
'dim',,,,
'dimly',,,,
'dimly',,,,
'direction',,,,
'directly',,,,
'directs',,,,
'dirty',,,,
'disappear',,,,
'disappointed',,,,
'disappointing',,,,
'disappointing',,,,
'discarded',,,,
'discharged',,,,
'discomfort',,,,
'discrimination',,,,
'discussing',,,,
'disease',,,,
'disgusted',,,,
'disgusting',,,,
'dishes',,,,
'display',,,,
'displayed',,,,
'displayed',,,,
'disposal',,,,
'dispose',,,,
'distance',,,,
'distance',,,,
'distant',,,,
'distinctive',,,,
'distinguish',,,,
'distorted',,,,
'district',,,,
'disturbing',,,,
'divided',,,,
'diving',,,,
'diving',,,,
'djs',,,,
'do',,,,
'dockfall',,,,
'dockfall',,,,
'docking',,,,
'dodging',,,,
'doe',,,,
doing',,,,
'doing',,,,
'dojo',,,,
'donated',,,,
'donated',,,,
'donation',,,,
'done',,,,
'dot',,,,
'dotami',,,,
'dotami',,,,
'dotted',,,,
'double',,,,
'doubleglazed',,,,
down',,,,
down',,,,
'downhill',,,,
'downtown',,,,
'downward',,,,
'downward',,,,
'dozen',,,,
'dramatic',,,,
'drank',,,,
'draw',,,,
'draw',,,,
'drawn',,,,
'drawn',,,,
'dream',,,,
'dreamlike',,,,
'dressed',,,,
'dressing',,,,
'dressing',,,,
'drew',,,,
'drew',,,,
'dried',,,,
'dried',,,,
'drifting',,,,
'drinking',,,,
'drinking',,,,
'drip',,,,
'dripping',,,,
'drive',,,,
'driving',,,,
'drop',,,,
'dropped',,,,
'dropping',,,,
'dropping',,,,
'drowned',,,,
'dry',,,,
'dubious',,,,
'due',,,,
'dug',,,,
'dull',,,,
'dump',,,,
'during',,,,
'dusk',,,,
'dusky',,,,
'dusky',,,,
'dusty',,,,
'dusty',,,,
'duty',,,,
'dyed',,,,
'dying',,,,
'dynamic',,,,
'dynamism',,,,
'dynamism',,,,
each',,,,
'each',,,,
'eager',,,,
'eagerly',,,,
'eagerly',,,,
'earlier',,,,
'earlier',,,,
'early',,,,
'earthy',,,,
'earthy',,,,
'ease',,,,
'easier',,,,
'easily',,,,
'easily',,,,
'easter',,,,
'easy',,,,
'eat',,,,
'eat',,,,
'eaten',,,,
'eaten',,,,
'eaves',,,,
'edge',,,,
'education',,,,
'eerie',,,,
'effective',,,,
'effort',,,,
efforts',,,,
'either',,,,
'either',,,,
'elapsed',,,,
'electric',,,,
'electricity',,,,
'elegant',,,,
'elegantly',,,,
'elegantly',,,,
'elementary',,,,
'elliptical',,,,
'elongated',,,,
'else',,,,
'elsewhere',,,,
'embarks',,,,
'embarrassed',,,,
'emerged',,,,
'emerged',,,,
'emergency',,,,
'emerges',,,,
'emerges',,,,
'emerging',,,,
'emitting',,,,
'emphasized',,,,
'empty',,,,
'enchanted',,,,
'enchanting',,,,
'enclose',,,,
'enclose',,,,
'enclosed',,,,
'end',,,,
'ended',,,,
'ended',,,,
'endlessly',,,,
'enemy',,,,
'energetic',,,,
'energy',,,,
'engaged',,,,
'english',,,,
'enjoy',,,,
'enjoy',,,,
'enjoyable',,,,
'enjoyable',,,,
'enjoyed',,,,
'enjoyed',,,,
'enjoying',,,,
'enjoyingly',,,,
'enjoyingly',,,,
'enjoyment',,,,
'enjoys',,,,
'enjoys',,,,
'enlarged',,,,
'enormous',,,,
'enough',,,,
'entangled',,,,
'enter',,,,
'entered',,,,
'entered',,,,
'entering',,,,
'enters',,,,
'enters',,,,
'entertaining',,,,
'entertaining',,,,
'entertainment',,,,
'enthusiasm',,,,
'enthusiasm',,,,
'enthusiastic',,,,
'entire',,,,
'entirety',,,,
'entirety',,,,
'entrance',,,,
'enveloped',,,,
'enviable',,,,
'enviable',,,,
'envious',,,,
'envious',,,,
'environment',,,,
'envy',,,,
'equal',,,,
'equally',,,,
'equally',,,,
'equipped',,,,
'era',,,,
'erase',,,,
'erasing',,,,
'error',,,,
'erupt',,,,
'erupt',,,,
'escape',,,,
'especially',,,,
'establishment',,,,
'esthetic',,,,
'etc',,,,
'etc',,,,
'ethnic',,,,
'europe',,,,
'even',,,,
'evening',,,,
'evenly',,,,
'evenly',,,,
'event',,,,
'evergreen',,,,
'every',,,,
'everybody',,,,
'everyday',,,,
'everyone',,,,
'everyone',,,,
'everyones',,,,
'everyones',,,,
'everything',,,,
'everywhere',,,,
'evidence',,,,
'exactly',,,,
'example',,,,
'excavates',,,,
'excellent',,,,
'except',,,,
'exchanging',,,,
'excited',,,,
'exciting',,,,
'exciting',,,,
'excluding',,,,
'exclusive',,,,
'exercise',,,,
'exercising',,,,
'exhaust',,,,
'exhilarating',,,,
'exist',,,,
'exists',,,,
'exists',,,,
'exit',,,,
'exotic',,,,
'expanded',,,,
'expanded',,,,
'expanding',,,,
'expanse',,,,
'expected',,,,
'expensive',,,,
'experience',,,,
'experience',,,,
'experienced',,,,
'experienced',,,,
'experiencing',,,,
'experiment',,,,
'experimental',,,,
'experimental',,,,
'explain',,,,
'explain',,,,
'explaining',,,,
'explaining',,,,
'explanation',,,,
'exploded',,,,
'expose',,,,
'expose',,,,
'exposed',,,,
'express',,,,
'expression',,,,
'exquisite',,,,
'extend',,,,
'extend',,,,
'extended',,,,
'extending',,,,
'extends',,,,
'extends',,,,
'extensive',,,,
'extent',,,,
'exterior',,,,
'external',,,,
'extinguish',,,,
'extinguish',,,,
'extinguishing',,,,
'extremely',,,,
'eyecatching',,,,
'eyed',,,,
'eyed',,,,
'eyes',,,,
'fabriclike',,,,
'facial',,,,
'facility',,,,
'facing',,,,
'fact',,,,
'faded',,,,
'failed',,,,
'faint',,,,
'fair',,,,
'fairly',,,,
'fairly',,,,
'fairytale',,,,
'fake',,,,
'fall',,,,
'fallen',,,,
'falling',,,,
'familiar',,,,
'familiarity',,,,
'familiarity',,,,
'families',,,,
'famous',,,,
'fan',,,,
'fancy',,,,
'fang',,,,
'fantastic',,,,
'fantasy',,,,
'far',,,,
'farmland',,,,
'fashion',,,,
'fashionable',,,,
'fast',,,,
'fate',,,,
'father',,,,
'father',,,,
'fatigue',,,,
'favorite',,,,
'fear',,,,
'fearless',,,,
'feathers',,,,
'feeding',,,,
feel',,,,
feel',,,,
'feel',,,,
'feeling',,,,
'feetlike',,,,
'fell',,,,
'felt',,,,
'female',,,,
'feminine',,,,
'femininity',,,,
'femininity',,,,
'ferocious',,,,
'fever',,,,
few',,,,
'few',,,,
'fiber',,,,
'fiery',,,,
'fiery',,,,
'fight',,,,
'fight',,,,
'fighting',,,,
'figure',,,,
'filial',,,,
'fill',,,,
'filled',,,,
'filming',,,,
'filthy',,,,
'find',,,,
'fine',,,,
'finish',,,,
'finish',,,,
'finished',,,,
'finishing',,,,
'firefighter',,,,
'firefighters',,,,
'firefighting',,,,
'firefighting',,,,
'fireworks',,,,
'firing',,,,
'firm',,,,
'firmly',,,,
'firmly',,,,
first',,,,
'first',,,,
'fishing',,,,
'fit',,,,
'fitting',,,,
'five',,,,
'fixed',,,,
'flagged',,,,
'flagged',,,,
flames',,,,
'flanders',,,,
'flap',,,,
'flapped',,,,
'flapped',,,,
'flapping',,,,
'flashing',,,,
'flashy',,,,
'flat',,,,
'flea',,,,
'flew',,,,
'flicking',,,,
'flight',,,,
'flipping',,,,
'float',(checking for fleas - ambiguous),,,
'float',,,,
'flock',,,,
'flocking',,,,
'floor',,,,
'floral',,,,
'floret',,,,
'flow',,,,
'flow',,,,
'flowed',,,,
'flowed',,,,
'flowers',,,,
'flowing',,,,
'flown',,,,
'fluffy',,,,
'flush',,,,
'flushed',,,,
'flushed',,,,
'fluttering',,,,
'flying',,,,
'foaming',,,,
'focal',,,,
'focus',,,,
'folded',,,,
'folding',,,,
'folding',,,,
'folk',,,,
'follow',,,,
'follow',,,,
'following',,,,
'footprint',,,,
'footstep',,,,
'footwork',,,,
for',,,,
'for',,,,
'forbidden',,,,
'force',,,,
'forecast',,,,
'forefoot',,,,
'forefront',,,,
'foreground',,,,
'forehead',,,,
'foreign',,,,
'foreigner',,,,
'foremost',,,,
'forepaw',,,,
'forepaw',,,,
'forever',,,,
'forgets',,,,
'forgets',,,,
'forgotten',,,,
'forklist',,,,
'forklist',,,,
'form',,,,
'formed',,,,
'former',,,,
'forming',,,,
'forming',,,,
'forward',,,,
'found',,,,
'foundation',,,,
'four',,,,
'fourlegged',,,,
'fourwheeled',,,,
'fragment',,,,
'frame',,,,
'framework',,,,
'france',,,,
'francisco',,,,
'free',,,,
'free',,,,
'freedom',,,,
'freely',,,,
'freeway',,,,
'fresh',,,,
'freshly',,,,
'freshness',,,,
'friend',,,,
'friendly',,,,
'frightening',,,,
'frightening',,,,
from',,,,
'from',,,,
'front',,,,
'frothing',,,,
'fruited',,,,
'fruited',,,,
'frustrating',,,,
'fuke',,,,
'fuke',,,,
'full',,,,
'fullbodied',,,,
'fully',,,,
'fully',,,,
'fuma',,,,
'fuma',,,,
'fun',,,,
'funafuna',,,,
'funafuna',,,,
'funky',,,,
'funny',,,,
'fur',,,,
'furong',,,,
'furong',,,,
'further',,,,
'fuselage',,,,
'future',,,,
'fuzzy',,,,
'g',,,,
'g',,,,
'gaesten',,,,
'gaesten',,,,
'gait',,,,
'game',,,,
'gap',,,,
'gather',,,,
'gather',,,,
'gathered',,,,
'gathering',,,,
'gathering',,,,
'gaudy',,,,
'gauge',,,,
'gave',,,,
'gaze',,,,
'gaze',,,,
'gazing',,,,
'gender',,,,
'general',,,,
'generated',,,,
'generation',,,,
'genre',,,,
'gentle',,,,
'gentleman',,,,
'gently',,,,
'gently',,,,
'genuine',,,,
'geography',,,,
get',,,,
'get',,,,
'getting',,,,
'giant',,,,
'ginkgo',,,,
'ginkgo',,,,
'ginseng',,,,
'ginseng',,,,
'girlfriend',,,,
'girls',,,,
'give',,,,
'give',,,,
'given',,,,
'giving',,,,
'glance',,,,
'glassenclosed',,,,
'glasslike',,,,
'glasslined',,,,
'glassy',,,,
'glide',,,,
'gliding',,,,
'glimpse',,,,
'glittering',,,,
'glitterly',,,,
'glitterly',,,,
'glory',,,,
'gloss',,,,
'glossy',,,,
'glove',,,,
'glow',,,,
go',,,,
'go',,,,
'goal',,,,
'god',,,,
'godly',,,,
going',,,,
'going',,,,
'golden',,,,
'gone',,,,
'good',,,,
'gorgeous',,,,
'got',,,,
'gouged',,,,
'government',,,,
'grab',,,,
'grabbed',,,,
'grabbing',,,,
'gracefully',,,,
'gradation',,,,
'grade',,,,
'gradually',,,,
graf',,,,
'graf',,,,
'grainlike',,,,
'grand',,,,
'grandchild',,,,
'granddaughter',,,,
'grandfather',,,,
'grandfathering',,,,
'grandfathering',,,,
'grandmother',,,,
'grandpa',,,,
'grandpa',,,,
'grapes',,,,
'grasp',,,,
'grasp',,,,
'grasping',,,,
'grassy',,,,
'grassy',,,,
'gravity',,,,
'grayish',,,,
'grayish',,,,
'great',,,,
'greatly',,,,
'greedy',,,,
'greek',,,,
'greened',,,,
'greened',,,,
'greenish',,,,
'greenness',,,,
'greenness',,,,
'greeny',,,,
'greeny',,,,
'grew',,,,
'grilled',,,,
'grinning',,,,
'grip',,,,
'grooming',,,,
'grotesque',,,,
'ground',,,,
'group',,,,
'grow',,,,
'grow',,,,
'growing',,,,
'grown',,,,
'grown',,,,
'grows',,,,
'grows',,,,
'growth',,,,
'grumbling',,,,
'guess',,,,
'guest',,,,
'guidance',,,,
'guidance',,,,
'guide',,,,
'guilin',,,,
'guilin',,,,
'guinea',,,,
'gull',,,,
'gush',,,,
'gut',,,,
'guy',,,,
'gymnastics',,,,
'ha',,,,
'ha',,,,
'habitability',,,,
had',,,,
'had',,,,
'haired',,,,
'haired',,,,
'hakutou',,,,
'hakutou',,,,
'half',,,,
'halffeet',,,,
'halfpants',,,,
'halfsleeved',,,,
'halftop',,,,
'halfway',,,,
'hall',,,,
'handful',,,,
'handheld',,,,
'handle',,,,
'handling',,,,
'handmade',,,,
'hands',,,,
'handstand',,,,
'handwritten',,,,
'hang',,,,
'hang',,,,
'hanging',,,,
'happened',,,,
'happened',,,,
'happening',,,,
'happily',,,,
'happily',,,,
'happiness',,,,
'happiness',,,,
'happy',,,,
'hard',,,,
'hardened',,,,
'hardly',,,,
'hardship',,,,
'harley',,,,
'harmful',,,,
'harmonize',,,,
'harness',,,,
'harsh',,,,
'harvest',,,,
'harvested',,,,
'harvested',,,,
'harvesting',,,,
'harvesting',,,,
has',,,,
'hatched',,,,
have',,,,
'have',,,,
'having',,,,
'haze',,,,
'haze',,,,
'hazy',,,,
'he',,,,
'he',,,,
'headed',,,,
'heading',,,,
'heal',,,,
'healed',,,,
'health',,,,
'healthy',,,,
'hear',,,,
'heard',,,,
'heartedness',,,,
'heartshaped',,,,
'heat',,,,
'heavily',,,,
'heaviness',,,,
'heavy',,,,
'heel',,,,
'height',,,,
'held',,,,
'hence',,,,
her',,,,
'her',,,,
'herbivorous',,,,
'here',,,,
'herself',,,,
'hexagonal',,,,
'hidden',,,,
'hide',,,,
'hide',,,,
'high',,,,
'highclass',,,,
'highest',,,,
'highest',,,,
'highlight',,,,
'highlighted',,,,
'highlighted',,,,
'hilarious',,,,
'hilly',,,,
'hilly',,,,
'him',,,,
'him',,,,
'himself',,,,
'hinas',,,,
'hinas',,,,
'hippo',,,,
his',,,,
his',,,,
'his',,,,
'historical',,,,
'history',,,,
'hit',,,,
'hit',,,,
'hitting',,,,
'hoisting',,,,
'hold',,,,
'hold',,,,
'holding',,,,
'home',,,,
'homosexual',,,,
'homosexual',,,,
'hondo',,,,
'hondo',,,,
'honorable',,,,
'hoodies',,,,
'hoodies',,,,
'hook',,,,
'hop',,,,
'hope',,,,
'hopefully',,,,
'hopeless',,,,
'hoping',,,,
'horizon',,,,
'horizontal',,,,
'horizontally',,,,
'horizontally',,,,
'horror',,,,
'horseback',,,,
'hoshijo',,,,
'hoshijo',,,,
'hospitalized',,,,
'hospitalized',,,,
'hot',,,,
'hour',,,,
'household',,,,
'houseslike',,,,
how',,,,
'how',,,,
'however',,,,
'however',,,,
'huge',,,,
'hugging',,,,
'hula',,,,
'hull',,,,
'humans',,,,
'hung',,,,
'hungry',,,,
'hunting',,,,
'hurry',,,,
'husband',,,,
'hydrangea',,,,
I',,,,
i',,,,
'icecovered',,,,
'id',,,,
'idea',,,,
'ideal',,,,
'identify',,,,
'idyllic',,,,
if',,,,
if',,,,
'if',,,,
'illness',,,,
'illuminated',,,,
'illuminates',,,,
'illuminates',,,,
'illuminating',,,,
'illuminating',,,,
'illumination',,,,
'illumination',,,,
'illuminations',,,,
'illustrate',,,,
'illustrate',,,,
'illustration',,,,
'illustrations',,,,
'im',,,,
'image',,,,
'imaged',,,,
'images',,,,
'imagine',,,,
'imagined',,,,
'imagining',,,,
'imago',,,,
'imitating',,,,
'immediate',,,,
'immediately',,,,
'immediately',,,,
'immersed',,,,
'impatience',,,,
'impersonalizing',,,,
'impersonalizing',,,,
'implant',,,,
'important',,,,
'impossible',,,,
'impressed',,,,
'impressed',,,,
'impression',,,,
'impressive',,,,
'impulse',,,,
in',,,,
in',,,,
'incident',,,,
'inclination',,,,
'inclination',,,,
'inclined',,,,
'included',,,,
'including',,,,
'incompatibility',,,,
'incongruity',,,,
'increase',,,,
'incredible',,,,
'independent',,,,
'indescribable',,,,
'index',,,,
'india',,,,
'india',,,,
'indian',,,,
'indicative',,,,
'indistinguishable',,,,
'indonesia',,,,
'ineffective',,,,
'inflated',,,,
'inflating',,,,
'inflating',,,,
'influenced',,,,
'information',,,,
'ingenious',,,,
'ingenious',,,,
'ingenuity',,,,
'ingenuity',,,,
'ingredient',,,,
'inhabit',,,,
'inhabit',,,,
'inhale',,,,
'inhale',,,,
'inhaled',,,,
'inheritance',,,,
'injured',,,,
'injury',,,,
'inner',,,,
'innovative',,,,
'innumerable',,,,
'inorganic',,,,
'inputting',,,,
'insects',,,,
'inserted',,,,
'inside',,,,
'inspected',,,,
'inspected',,,,
'inspecting',,,,
'inspection',,,,
'inspection',,,,
'installed',,,,
'instead',,,,
'instinct',,,,
'intense',,,,
'interested',,,,
'interesting',,,,
interestingly',,,,
'interestingly',,,,
'interestingly',,,,
'interior',,,,
'internal',,,,
'internally',,,,
'internally',,,,
'international',,,,
'intersection',,,,
'interval',,,,
'intimidation',,,,
into',,,,
'into',,,,
'intravenous',,,,
'intriguing',,,,
'inverted',,,,
'investigation',,,,
'invisible',,,,
'involved',,,,
'inward',,,,
'irrational',,,,
'irregular',,,,
'irritated',,,,
is',,,,
is',,,,
ishidas',,,,
'isoda',,,,
'isoda',,,,
'israeli',,,,
'issued',,,,
it',,,,
it',,,,
'it',,,,
'italy',,,,
'item',,,,
its',,,,
its',,,,
'its',,,,
'itself',,,,
'ive',,,,
'iwahama',,,,
'iwahama',,,,
'japan',,,,
'japan',,,,
'japanese',,,,
'jealous',,,,
'jellylike',,,,
'jetting',,,,
'job',,,,
'joking',,,,
'jolie',,,,
'jolie',,,,
'jolly',,,,
'journey',,,,
'jump',,,,
'jumped',,,,
'jumped',,,,
'jumping',,,,
'junior',,,,
'junky',,,,
just',,,,
'just',,,,
'kamado',,,,
'kamono',,,,
'kamono',,,,
'kana',,,,
'kana',,,,
'kawahara',,,,
'kawahara',,,,
'keen',,,,
'keenly',,,,
'keenly',,,,
'keep',,,,
'kept',,,,
'kept',,,,
'kick',,,,
'kick',,,,
'kicked',,,,
'kicked',,,,
'kicking',,,,
'killing',,,,
'kind',,,,
'kindergarten',,,,
'kiss',,,,
'kiss',,,,
'kneader',,,,
'knew',,,,
'knit',,,,
'knit',,,,
'knitted',,,,
'knob',,,,
'knockout',,,,
know',,,,
'know',,,,
'korean',,,,
'kusamura',,,,
'kusamura',,,,
'la',,,,
'labor',,,,
'laborious',,,,
'laborious',,,,
'lack',,,,
'ladies',,,,
'lady',,,,
'laid',,,,
'lame',,,,
'land',,,,
'landed',,,,
'landfilled',,,,
'landing',,,,
'lane',,,,
'large',,,,
'largely',,,,
'largely',,,,
'larger',,,,
'last',,,,
'late',,,,
'later',,,,
'later',,,,
'lateral',,,,
'laterally',,,,
'laterally',,,,
'lattice',,,,
'latticelike',,,,
'laugh',,,,
'laugh',,,,
'launch',,,,
'launched',,,,
'law',,,,
'lawnrich',,,,
'lay',,,,
'layer',,,,
'le',,,,
'le',,,,
'lead',,,,
'leading',,,,
'leafy',,,,
'leafy',,,,
'leaked',,,,
'leaked',,,,
'leaking',,,,
'leaning',,,,
'learned',,,,
'learns',,,,
'learns',,,,
'least',,,,
'leave',,,,
'leaves',,,,
left',,,,
left',,,,
'legging',,,,
'leisingly',,,,
'leisure',,,,
'leop',,,,
'leop',,,,
'lesson',,,,
'let',,,,
'letting',,,,
'letting',,,,
'levee',,,,
'level',,,,
'liberation',,,,
'liberation',,,,
'liberty',,,,
'libre',,,,
'libre',,,,
'licking',,,,
'lie',,,,
'lied',,,,
'life',,,,
'lifesaving',,,,
'lifted',,,,
'lifted',,,,
'lifting',,,,
'light',,,,
'lighted',,,,
'lighted',,,,
'lighting',,,,
'lighting',,,,
'lightly',,,,
'lightness',,,,
'lightweight',,,,
'lightweight',,,,
like',,,,
like',,,,
'likely',,,,
'lily',,,,
'limit',,,,
'limited',,,,
'limited',,,,
'line',,,,
'linear',,,,
'lined',,,,
'liner',,,,
'lining',,,,
'link',,,,
'linked',,,,
'linked',,,,
'listen',,,,
'listen',,,,
'listening',,,,
'lit',,,,
'literally',,,,
'little',,,,
'live',,,,
'lived',,,,
'lived',,,,
'lively',,,,
'living',,,,
'livingdining',,,,
'livingdining',,,,
'load',,,,
'load',,,,
'loaded',,,,
'loading',,,,
'local',,,,
'located',,,,
'location',,,,
'locked',,,,
'logs',,,,
'lonely',,,,
'lonesome',,,,
'lonesome',,,,
'long',,,,
'longer',,,,
'longer',,,,
'longhaired',,,,
'longnosed',,,,
'longue',,,,
'longue',,,,
look',,,,
look',,,,
'looked',,,,
looking',,,,
'loose',,,,
'lord',,,,
'losing',,,,
'losing',,,,
'lost',,,,
lot',,,,
'lot',,,,
lots',,,,
'loudly',,,,
'loudly',,,,
'love',,,,
'lovely',,,,
'lovely',,,,
'low',,,,
'lower',,,,
'loyalty',,,,
'lp',,,,
'lp',,,,
'luck',,,,
'lump',,,,
'luncheon',,,,
'luncheon',,,,
'lush',,,,
'luster',,,,
'lustrous',,,,
'lustrous',,,,
'luxurious',,,,
'luxurious',,,,
'luxury',,,,
'lying',,,,
'mabo',,,,
'mabo',,,,
'machines',,,,
'macho',,,,
'madara',,,,
'madara',,,,
'maddies',,,,
'maddies',,,,
'made',,,,
'madeleine',,,,
'magic',,,,
'magmot',,,,
'magmot',,,,
'magnificent',,,,
'magnifying',,,,
'mahal',,,,
'main',,,,
'mainly',,,,
'mainly',,,,
'maintained',,,,
'majestic',,,,
'majesty',,,,
make',,,,
'make',,,,
'making',,,,
'male',,,,
'male',,,,
'manage',,,,
'manage',,,,
'management',,,,
'managing',,,,
'manam',,,,
'manam',,,,
'manipulate',,,,
'manipulate',,,,
'manipulating',,,,
'manner',,,,
'manual',,,,
many',,,,
'mar',,,,
'marched',,,,
'marched',,,,
'marching',,,,
'marginal',,,,
'mark',,,,
'marked',,,,
'marked',,,,
'marui',,,,
'marui',,,,
'marvelous',,,,
'masked',,,,
'masked',,,,
'masking',,,,
'masking',,,,
'masonry',,,,
'mass',,,,
'massager',,,,
'massager',,,,
'massaging',,,,
'massaging',,,,
'massproduced',,,,
'master',,,,
'match',,,,
'matched',,,,
'matched',,,,
'matching',,,,
'matte',,,,
'mature',,,,
'maximum',,,,
'may',,,,
me',,,,
'me',,,,
'mean',,,,
'meaning',,,,
'meaningless',,,,
'measuring',,,,
'mechanism',,,,
'median',,,,
'meditate',,,,
'meditating',,,,
'meeting',,,,
'melamella',,,,
'melamella',,,,
'melancholy',,,,
'melancholy',,,,
'melt',,,,
'melt',,,,
'melted',,,,
'melting',,,,
'member',,,,
'memo',,,,
'memorial',,,,
'memory',,,,
'men',,,,
'message',,,,
'messing',,,,
'messy',,,,
'meter',,,,
'method',,,,
'mexican',,,,
'mic',,,,
'mic',,,,
'middle',,,,
'middleaged',,,,
'middlesized',,,,
'midsummer',,,,
'might',,,,
'mileage',,,,
'million',,,,
'mind',,,,
'mini',,,,
'misanga',,,,
'misanga',,,,
'miscellaneous',,,,
'miscellaneously',,,,
'miscellaneously',,,,
'mismatch',,,,
'misplace',,,,
'miss',,,,
'mission',,,,
'mistake',,,,
'mix',,,,
'mix',,,,
'mixed',,,,
'mixer',,,,
'mixing',,,,
'moai',,,,
'moai',,,,
'mocking',,,,
'moderate',,,,
'modern',,,,
'modification',,,,
'moist',,,,
'moisture',,,,
'moisture',,,,
'mom',,,,
'mom',,,,
'moment',,,,
'momentum',,,,
'monastic',,,,
'monastic',,,,
'monochrome',,,,
'monotone',,,,
'mood',,,,
'moored',,,,
'more',,,,
'morning',,,,
'mossy',,,,
'mossy',,,,
most',,,,
'most',,,,
'mother',,,,
'motif',,,,
'motion',,,,
'motivated',,,,
'motivating',,,,
'motivating',,,,
'mottills',,,,
'mottills',,,,
'mottled',,,,
'mottled',,,,
'move',,,,
'move',,,,
'moved',,,,
'moved',,,,
'movement',,,,
'moving',,,,
'mowing',,,,
'mr',,,,
'mrs',,,,
'much',,,,
'multistorey',,,,
'murderous',,,,
'muscat',,,,
'musical',,,,
'musical',,,,
'must',,,,
'muzuku',,,,
'muzuku',,,,
my',,,,
'my',,,,
'my',,,,
'myself',,,,
'mysterious',,,,
'mystery',,,,
'mystery',,,,
'mystique',,,,
'mystique',,,,
'nakaumi',,,,
'nakaumi',,,,
'name',,,,
'nap',,,,
'narrow',,,,
'narrowly',,,,
'narrowly',,,,
'nasas',,,,
'nasty',,,,
'nation',,,,
'national',,,,
'natural',,,,
'naturally',,,,
'naturally',,,,
'natures',,,,
'navel',,,,
'near',,,,
'nearby',,,,
'nearby',,,,
'nearing',,,,
'neat',,,,
'neatly',,,,
'neatly',,,,
'necessary',,,,
'negotiation',,,,
'neighborhood',,,,
'neither',,,,
'neither',,,,
'nekosharp',,,,
'nekosharp',,,,
'nervous',,,,
'nervousness',,,,
'never',,,,
'nevertheless',,,,
'new',,,,
'newcomer',,,,
next',,,,
'next',,,,
'nice',,,,
'nickname',,,,
'night',,,,
'nightscape',,,,
'nimble',,,,
'no',,,,
'no',,,,
'nobleman',,,,
'nobody',,,,
'noise',,,,
'nonbrick',,,,
'nonbrick',,,,
nonetheless',,,,
'noon',,,,
nor',,,,
'nor',,,,
'north',,,,
'northern',,,,
'nostalgia',,,,
'nostalgia',,,,
'nostalgic',,,,
not',,,,
'not',,,,
'notation',,,,
'nothing',,,,
'noticed',,,,
now',,,,
'now',,,,
'nozomi',,,,
'nozomi',,,,
'numbered',,,,
'numbered',,,,
'numbers',,,,
'numeral',,,,
'numerical',,,,
'numerical',,,,
'numerous',,,,
'obama',,,,
'obedient',,,,
'object',,,,
'oblique',,,,
'obliquely',,,,
'obliquely',,,,
'observation',,,,
'observatory',,,,
'observed',,,,
'observed',,,,
'observing',,,,
'obviously',,,,
'occupies',,,,
'occur',,,,
'ocher',,,,
'ochercolored',,,,
of',,,,
of',,,,
'off',,,,
'official',,,,
'offroad',,,,
'often',,,,
'okay',,,,
'oki',,,,
'oki',,,,
older',,,,
'older',,,,
'oldfashioned',,,,
'ominous',,,,
'omnibles',,,,
'omnibles',,,,
on',,,,
on',,,,
'once',,,,
'once',,,,
'one',,,,
'oneseat',,,,
'oneseater',,,,
'oneseater',,,,
'onlooker',,,,
only',,,,
'only',,,,
'onsite',,,,
'open',,,,
'opened',,,,
'opened',,,,
'opening',,,,
'openness',,,,
'openness',,,,
'operate',,,,
'operated',,,,
'operates',,,,
'operates',,,,
'operating',,,,
'operation',,,,
'operator',,,,
'operator',,,,
'opponent',,,,
'opportunity',,,,
opposed',,,,
'opposed',,,,
'opposite',,,,
'opposition',,,,
'oppressive',,,,
'or',,,,
'or',,,,
'orangecolored',,,,
'order',,,,
'ordered',,,,
'ordered',,,,
'orderly',,,,
'orderly',,,,
'ordinary',,,,
'organism',,,,
'organization',,,,
'organized',,,,
'organizing',,,,
'organizing',,,,
'orientation',,,,
'origin',,,,
'original',,,,
'originally',,,,
'orve',,,,
'orve',,,,
other',,,,
'other',,,,
'others',,,,
ought',,,,
'our',,,,
'our',,,,
out',,,,
'out',,,,
'outdated',,,,
'outdoor',,,,
'outer',,,,
'outerwear',,,,
'outlet',,,,
'outline',,,,
'outstanding',,,,
'outward',,,,
'over,,,,
'overall',,,,
'overflowing',,,,
'overhead',,,,
'overlap',,,,
'overlap',,,,
'overlapped',,,,
'overlapped',,,,
'overlapping',,,,
'overlook',,,,
'overlook',,,,
'overlooked',,,,
'overlooking',,,,
'overseas',,,,
'overturn',,,,
'overwhelmed',,,,
'overwhelmed',,,,
'overwhelming',,,,
'own',,,,
'owner',,,,
'packed',,,,
'painful',,,,
'painted',,,,
'pair',,,,
'palacelike',,,,
'pale',,,,
'panoramic',,,,
'parabolic',,,,
'paraglider',,,,
'paragliding',,,,
'parake',,,,
'parake',,,,
'parallel',,,,
'parent',,,,
'parental',,,,
'parentchild',,,,
'parents',,,,
'parked',,,,
'parking',,,,
'parks',,,,
'part',,,,
'partition',,,,
'partition',,,,
'partitioned',,,,
'partitioned',,,,
'partly',,,,
'pas',,,,
'pas',,,,
'pass',,,,
'passage',,,,
'passageway',,,,
'passed',,,,
'passed',,,,
'passenger',,,,
'passengers',,,,
'passersby',,,,
'passing',,,,
'past',,,,
'pattern',,,,
'patterned',,,,
'paved',,,,
'pay',,,,
'peaceful',,,,
'peculiar',,,,
'peddling',,,,
'peeled',,,,
'peeling',,,,
'peep',,,,
'peep',,,,
'peeping',,,,
'peering',,,,
'pelicans',,,,
'pelicant',,,,
'pelicant',,,,
'penetrating',,,,
'peoples',,,,
'per',,,,
'per',,,,
'perfect',,,,
'perfectly',,,,
'perfectly',,,,
'perform',,,,
'perform',,,,
'performance',,,,
'performed',,,,
'performed',,,,
'performer',,,,
'performing',,,,
'performs',,,,
'performs',,,,
'perhaps',,,,
'period',,,,
'periphery',,,,
'permission',,,,
'perot',,,,
'perot',,,,
'personal',,,,
'personality',,,,
'perspective',,,,
'pestering',,,,
'pets',,,,
'pg',,,,
'pg',,,,
'phenomenon',,,,
'photographed',,,,
'photographer',,,,
'photographing',,,,
'photographing',,,,
'photography',,,,
'photography',,,,
'pick',,,,
'picked',,,,
'picked',,,,
'picking',,,,
'picturesque',,,,
'piece',,,,
'pierce',,,,
'piercing',,,,
'piety',,,,
'piled',,,,
'piling',,,,
'piling',,,,
'pillars',,,,
'piloting',,,,
'pinching',,,,
'pink',,,,
'pinky',,,,
'pinky',,,,
'pit',,,,
'pity',,,,
'placard',,,,
'place',,,,
'placed',,,,
'placing',,,,
'placing',,,,
'plain',,,,
'plan',,,,
'planning',,,,
'planning',,,,
'planted',,,,
'plants',,,,
'plaster',,,,
'plate',,,,
'plateau',,,,
'plateshaped',,,,
'played',,,,
'played',,,,
'player',,,,
'playing',,,,
'plaything',,,,
'pleasant',,,,
'please',,,,
'please',,,,
'pleased',,,,
'pleasing',,,,
'pleasing',,,,
'pleasure',,,,
'plenty',,,,
plug',,,,
plugged',,,,
'plugged',,,,
'plugged',-->,shining',,
'plump',,,,
'plush',,,,
'point',,,,
'pointed',,,,
'pointed',,,,
'pointing',,,,
'pointy',,,,
'poised',,,,
'poisoning',,,,
'poisonous',,,,
'poking',,,,
'polish',,,,
'polish',,,,
'poor',,,,
'pop',,,,
'popping',,,,
'popular',,,,
'popularity',,,,
'popularity',,,,
'population',,,,
'port',,,,
'portray',,,,
'pose',,,,
'posing',,,,
'posing',,,,
'position',,,,
'possibility',,,,
'possible',,,,
'possible',,,,
'posted',,,,
'posted',,,,
'posterior',,,,
'posture',,,,
'potatoes',,,,
'pour',,,,
'pour',,,,
'poured',,,,
'pouring',,,,
'poverty',,,,
'powdered',,,,
'powdered',,,,
'power',,,,
'powerful',,,,
'practice',,,,
'practice',,,,
'practicing',,,,
'prairie',,,,
'prayer',,,,
'preciousness',,,,
'predict',,,,
'preferable',,,,
'preferable',,,,
'preferred',,,,
'pregnancy',,,,
'preliminary',,,,
'preparation',,,,
'preparatory',,,,
'preparatory',,,,
'prepare',,,,
'prepare',,,,
'prepared',,,,
'preparing',,,,
'presence',,,,
'presence',,,,
'present',,,,
'pressure',,,,
'pretty',,,,
'previous',,,,
'primary',,,,
'principle',,,,
'private',,,,
'probably',,,,
'problem',,,,
'procedure',,,,
'proceed',,,,
'process',,,,
'producing',,,,
'product',,,,
'professional',,,,
'profile',,,,
'progressing',,,,
'projected',,,,
'properly',,,,
'prosper',,,,
'protect',,,,
'protect',,,,
'protecting',,,,
'protective',,,,
'protrudes',,,,
'proudly',,,,
'provided',,,,
'public',,,,
'pulled',,,,
'pulling',,,,
'punch',,,,
'punch',,,,
'purchase',,,,
'pure',,,,
'purely',,,,
'purified',,,,
'purified',,,,
'purity',,,,
'purity',,,,
'purple',,,,
'pushing',,,,
'put',,,,
'putting',,,,
'pztea',,,,
'pztea',,,,
'quadruped',,,,
'quadruped',,,,
'quality',,,,
'quantity',,,,
'quarrel',,,,
'quay',,,,
'quickly',,,,
'quiet',,,,
'quietly',,,,
quite',,,,
'quite',,,,
'quota',,,,
'racer',,,,
'racer',,,,
'radially',,,,
'raging',,,,
'raglan',,,,
'raglan',,,,
'railroad',,,,
'raining',,,,
'raining',,,,
'raise',,,,
'raise',,,,
'raised',,,,
'raising',,,,
'ran',,,,
'range',,,,
'ranging',,,,
'rank',,,,
'rare',,,,
'rarely',,,,
'rather',,,,
'ration',,,,
'raw',,,,
'rawly',,,,
'rawly',,,,
'ray',,,,
'reach',,,,
'reaction',,,,
'read',,,,
'read',,,,
'real',,,,
'really',,,,
'rear',,,,
'reason',,,,
'rebellious',,,,
'receive',,,,
'received',,,,
'received',,,,
'receiver',,,,
'receiver',,,,
'receiving',,,,
'reception',,,,
'rectangular',,,,
'red',,,,
'redbrown',,,,
'redchapped',,,,
'reddish',,,,
'reddish',,,,
'redrock',,,,
'reflected',,,,
'reflecting',,,,
'reflection',,,,
'reflects',,,,
'reflects',,,,
'reflex',,,,
'refreshed',,,,
'refreshing',,,,
'refused',,,,
'regardless',,,,
'regime',,,,
'region',,,,
'regrettable',,,,
'regular',,,,
'regularly',,,,
'regularly',,,,
'reiba',,,,
'reiba',,,,
'relation',,,,
'relationship',,,,
'relatively',,,,
'relax',,,,
'relaxed',,,,
'relaxed',,,,
'relaxing',,,,
'relaxingly',,,,
'relaxingly',,,,
'released',,,,
'relieve',,,,
'relieved',,,,
'relieved',,,,
'religion',,,,
'reluctant',,,,
'remain',,,,
'remained',,,,
'remained',,,,
'remaining',,,,
'remaining',,,,
'remains',,,,
'remains',,,,
'remember',,,,
'remember',,,,
'remembered',,,,
'remembered',,,,
'remind',,,,
'remind',,,,
'reminds',,,,
'reminiscent',,,,
'remodeling',,,,
'remove',,,,
'removed',,,,
'removed',,,,
'replace',,,,
'report',,,,
'represent',,,,
'represents',,,,
rescue',,,,
'resemble',,,,
'resembles',,,,
'resembles',,,,
'resembling',,,,
'resembling',,,,
'residential',,,,
'respectable',,,,
'respectively',,,,
'respond',,,,
'respond',,,,
'response',,,,
'response',,,,
'responsible',,,,
'rest',,,,
'resting',,,,
'restless',,,,
'restrained',,,,
'retriever',,,,
'retrograde',,,,
'retrograde',,,,
'return',,,,
'returning',,,,
'rhythmically',,,,
'rich',,,,
'ride',,,,
'rider',,,,
'rider',,,,
right',,,,
right',,,,
'ripe',,,,
'rise',,,,
'risen',,,,
'rising',,,,
'robust',,,,
'rocker',,,,
'rockets',,,,
'rocky',,,,
'rodshaped',,,,
'roger',,,,
'roller',,,,
'romaji',,,,
'romaji',,,,
'roman',,,,
'romantic',,,,
'roofed',,,,
'roofed',,,,
'rookie',,,,
'ropeway',,,,
'rotating',,,,
'rough',,,,
'round',,,,
'rounded',,,,
'roundish',,,,
'roundish',,,,
'roundtheclock',,,,
'route',,,,
'row',,,,
'rugged',,,,
'ruined',,,,
'ruined',,,,
'run',,,,
'rush',,,,
'russian',,,,
'ryuhaku',,,,
'ryuhaku',,,,
'ryuhaku',,,,
s',,,,
's',,,,
'sacred',,,,
'sad',,,,
'sadness',,,,
'safe',,,,
'safely',,,,
'said',,,,
'sake',,,,
'salinity',,,,
'sally',,,,
'salvation',,,,
'same',,,,
'san',,,,
'san',,,,
'sandbag',,,,
'sandball',,,,
'sands',,,,
'sandwiched',,,,
'sandy',,,,
'sandy',,,,
'sarcasm',,,,
'sari',,,,
'sari',,,,
'sary',,,,
'sary',,,,
'satirical',,,,
'satisfactory',,,,
'sato',,,,
'sato',,,,
saturn',,,,
'sawa',,,,
'say',,,,
'saying',,,,
'scan',,,,
'scared',,,,
'scary',,,,
'scatter',,,,
'scatter',,,,
'scattered',,,,
'scattering',,,,
'scene',,,,
'scenery',,,,
'scheme',,,,
'scoop',,,,
'scorching',,,,
'score',,,,
'scrape',,,,
'scrape',,,,
'scraped',,,,
'scraping',,,,
'scrapped',,,,
'sculptured',,,,
'sculptured',,,,
'sdf',,,,
'sdf',,,,
'search',,,,
'searching',,,,
'seasickness',,,,
'season',,,,
'second',,,,
'secret',,,,
'section',,,,
'seductive',,,,
see',,,,
'see',,,,
'seeing',,,,
seem',,,,
seem',,,,
'seemed',,,,
'seemingly',,,,
seems',,,,
seems',,,,
'seen',,,,
'seized',,,,
'selfdefense',,,,
'sell',,,,
'send',,,,
'sending',,,,
'sense',,,,
'sentence',,,,
'sepia',,,,
'serial',,,,
'serious',,,,
'seriously',,,,
'serve',,,,
'served',,,,
'service',,,,
'set',,,,
'setting',,,,
'seven',,,,
'several',,,,
'severe',,,,
'sex',,,,
'sexy',,,,
'shaded',,,,
'shadow',,,,
'shadowed',,,,
'shaking',,,,
'shallow',,,,
'shamu',,,,
'shamu',,,,
'shape',,,,
'shaped',,,,
'sharply',,,,
'she',,,,
'she',,,,
'shelf',,,,
'shelve',,,,
'shiatsu',,,,
'shifting',,,,
'shih',,,,
'shih',,,,
'shimmely',,,,
'shimmely',,,,
'shine',,,,
'shining',,,,
'shinkansen',,,,
'shinkansen',,,,
'shiny',,,,
'shock',,,,
'shoot',,,,
'shopkeeper',,,,
'shopper',,,,
'shopper',,,,
'shoppers',,,,
'short',,,,
'shortcut',,,,
'shorthat',,,,
'shortsleeping',,,,
'shortsleeved',,,,
'shorttoe',,,,
'shorttoe',,,,
'shot',,,,
should',,,,
'should',,,,
'show',,,,
'showing',,,,
'shown',,,,
'shrinking',,,,
'siamese',,,,
'sick',,,,
side',,,,
'side',,,,
'sideways',,,,
'sight',,,,
'sightsee',,,,
'sightseeing',,,,
'signal',,,,
'signs',,,,
'silhouetted',,,,
'silvery',,,,
'silvery',,,,
similar',,,,
'simmering',,,,
'simple',,,,
'simply',,,,
'since',,,,
'since',,,,
'sing',,,,
'singapore',,,,
'single',,,,
'singlelens',,,,
'singletrack',,,,
'sinking',,,,
'sister',,,,
'sit',,,,
'site',,,,
'sits',,,,
'sits',,,,
'situation',,,,
'six',,,,
'size',,,,
'skate',,,,
'skill',,,,
'sleeping',,,,
'sleepy',,,,
sleeved,,,,
'slender',,,,
'slept',,,,
'slick',,,,
'slide',,,,
'sliding',,,,
'slight',,,,
'slightly',,,,
'slip',,,,
'slipped',,,,
'slippery',,,,
'slope',,,,
'slow',,,,
'slowly',,,,
'slurred',,,,
'small',,,,
'smaller',,,,
'smart',,,,
'smell',,,,
smiled',,,,
'smilingly',,,,
'smoothy',,,,
'sniff',,,,
'snowcapped',,,,
'snowclad',,,,
'snowflake',,,,
'snowstorm',,,,
'snowy',,,,
so',,,,
'so',,,,
'soaked',,,,
'soaring',,,,
'solar',,,,
'sold',,,,
'solemn',,,,
'solid',,,,
'solitary',,,,
'some',,,,
'some',,,,
'someday',,,,
'somehow',,,,
'someone',,,,
something',,,,
something',,,,
'somethings',,,,
'sometimes',,,,
'somewhat',,,,
'somewhere',,,,
son',,,,
'song',,,,
'soon',,,,
'sophisticated',,,,
'sorry',,,,
'sort',,,,
'soulfully',,,,
'sound',,,,
'sour',,,,
'south',,,,
'southeast',,,,
'southern',,,,
'spaced',,,,
'sparse',,,,
'sparsely',,,,
'spat',,,,
'speaking',,,,
'speaks',,,,
'spec',,,,
'spec',,,,
'special',,,,
'specialized',,,,
'spectacular',,,,
'speculated',,,,
'speech',,,,
'speed',,,,
'speedy',,,,
'spelling',,,,
'spend',,,,
'spilled',,,,
'spitting',,,,
'splashed',,,,
'splashing',,,,
'splendid',,,,
'spoiled',,,,
'spraying',,,,
'spread',,,,
'spreading',,,,
'spring',,,,
'springlike',,,,
'sprinkled',,,,
'square',,,,
'stability',,,,
'stack',,,,
'stacked',,,,
'stacking',,,,
'staged',,,,
'stand',,,,
'standard',,,,
'standing',,,,
'standstill',,,,
'stare',,,,
stared',,,,
'staring',,,,
'stark',,,,
'start',,,,
'started',,,,
'starting',,,,
'state',,,,
'station',,,,
'status',,,,
'stay',,,,
'staying',,,,
'steelmade',,,,
'steelworks',,,,
'steering',,,,
'step',,,,
'stepped',,,,
'sticking',,,,
'stiffly',,,,
'still',,,,
'stirring',,,,
'stock',,,,
'stoic',,,,
'stoney',,,,
'stood',,,,
'stopped',,,,
'stopping',,,,
'stored',,,,
'story',,,,
'straddled',,,,
'straight',,,,
'strained',,,,
'strange',,,,
'strangely',,,,
'strangeness',,,,
'stratifying',,,,
'stratum',,,,
'strayed',,,,
'streak',,,,
'streaky',,,,
'streetlike',,,,
'stretch',,,,
'stretched',,,,
'stretching',,,,
'strike',,,,
'striking',,,,
'striped',,,,
'stroll',,,,
'strong',,,,
'strongly',,,,
'struck',,,,
'struggling',,,,
'stuck',,,,
'student',,,,
'study',,,,
'stuff',,,,
'stuffed',,,,
'stylish',,,,
'substance',,,,
'succeed',,,,
such',,,,
'such',,,,
'sucked',,,,
'suddenly',,,,
'summer',,,,
'summit',,,,
'sunny',,,,
'sunshining',,,,
'super',,,,
'supplemented',,,,
'supply',,,,
'support',,,,
'supported',,,,
'supposed',,,,
'suppressing',,,,
sure',,,,
'sure',,,,
'surely',,,,
'surface',,,,
'surprised',,,,
'surprisingly',,,,
'surrounded',,,,
'surrounding',,,,
'surroundings',,,,
'suspended',,,,
'suspension',,,,
'swams',,,,
'swams',,,,
'swayed',,,,
'swaying',,,,
'sweet',,,,
'swell',,,,
'swelling',,,,
'swept',,,,
'swiftly',,,,
'swiped',,,,
'swirling',,,,
'swiveled',,,,
'symbolic',,,,
'symmetrically',,,,
'synthesis',,,,
't',,,,
't',,,,
'tai',,,,
'tai',,,,
'taiwan',,,,
'taj',,,,
take',,,,
'take',,,,
'taken',,,,
'taking',,,,
'talk',,,,
'talking',,,,
'tall',,,,
'taller',,,,
'task',,,,
'taste',,,,
'tasty',,,,
'tattling',,,,
'tatto',,,,
'taught',,,,
'teacherlooking',,,,
'teacherlooking',,,,
'technique',,,,
'teen',,,,
'telephoto',,,,
'telephoto',,,,
'tell',,,,
'temperature',,,,
'temporary',,,,
'ten',,,,
'tend',,,,
'tends',,,,
'tengallon',,,,
'terrible',,,,
'terribly',,,,
'terrific',,,,
'test',,,,
'tested',,,,
'tetrapot',,,,
'tetrapot',,,,
'than',,,,
'than',,,,
'thanks',,,,
that',,,,
that',,,,
'that',,,,
the',,,,
'their',,,,
'their',,,,
them',,,,
'them',,,,
'themselves',,,,
then',,,,
'then',,,,
'then',,,,
there',,,,
there',,,,
'therefore',,,,
'these',,,,
they',,,,
'they',,,,
'thick',,,,
'thicker',,,,
'thin',,,,
thing',,,,
'thing',,,,
think',,,,
'think',,,,
'thinking',,,,
'third',,,,
this',,,,
'this',,,,
tho',,,,
'thorough',,,,
'thoroughly',,,,
'those',,,,
'though',,,,
'though',,,,
thought',,,,
'thought',,,,
'thousand',,,,
'three',,,,
'threefold',,,,
'threewheeled',,,,
thrill',,,,
through'',,,,
'through',,,,
'throughout',,,,
'throwing',,,,
'thrown',,,,
'thus',,,,
'tightly',,,,
'till',,,,
'tilt',,,,
'time',,,,
'tip',,,,
'tit',,,,
'title',,,,
to',,,,
to',,,,
'today',,,,
'todo',,,,
'together',,,,
too',,,,
'too',,,,
'took',,,,
'top',,,,
'topic',,,,
'tosaka',,,,
'tosaka',,,,
'touch',,,,
'touching',,,,
'toward',,,,
'towards',,,,
'townscapes',,,,
'traced',,,,
'trained',,,,
'training',,,,
'transmitted',,,,
'transparent',,,,
'treated',,,,
'treating',,,,
'treatment',,,,
'treble',,,,
'trellis',,,,
'trellis',,,,
'tremendous',,,,
'tremendously',,,,
'trevi',,,,
'trial',,,,
'trick',,,,
'tried',,,,
'trip',,,,
'true',,,,
'truly',,,,
'try',,,,
trying',,,,
'trying',,,,
'tshirts',,,,
'tsubomi',,,,
'tsubomi',,,,
'tummy',,,,
'tuntunshita',,,,
'tuntunshita',,,,
'turfy',,,,
'turfy',,,,
'turn',,,,
'turned',,,,
'turning',,,,
'twice',,,,
'two',,,,
'twolegged',,,,
'twostorey',,,,
'twostory',,,,
'type',,,,
'tzu',,,,
'tzu',,,,
'u',,,,
'u',,,,
'ultra',,,,
'unable',,,,
'unattended',,,,
'unbalanced',,,,
'uncle',,,,
'unclear',,,,
'uncomfortable',,,,
'under',,,,
'undergoing',,,,
'underneath',,,,
'understand',,,,
'understood',,,,
'undulating',,,,
'undulating',,,,
'uneasy',,,,
'unexpected',,,,
'uniformer',,,,
'uniformer',,,,
'uniformly',,,,
'uniformly',,,,
'uniforms',,,,
'union',,,,
'unique',,,,
'unit',,,,
'united',,,,
'unity',,,,
'unity',,,,
'universal',,,,
'universal',,,,
'universe',,,,
'unknown',,,,
'unless',,,,
'unless',,,,
'unlike',,,,
'unnatural',,,,
'unpleasant',,,,
unrepentantly',,,,
'unrepentantly',,,,
'unsuitable',,,,
'until',,,,
'unusual',,,,
up',,,,
up',,,,
'uplifted',,,,
'uploaded',,,,
'uploading',,,,
'uploading',,,,
upper',,,,
'upper',,,,
'uppermost',,,,
'uppermost',,,,
'upside',,,,
'upsidedown',,,,
'upward',,,,
'upwards',,,,
'upwards',,,,
'us',,,,
usage',,,,
'usage',,,,
'use',,,,
used',,,,
'used',,,,
'useful',,,,
'using',,,,
'usual',,,,
'vacant',,,,
vaguely',,,,
'vaguely',,,,
'value',,,,
'valued',,,,
'valued',,,,
variety',,,,
variety',,,,
'variety',,,,
'various',,,,
vary',,,,
'vary',,,,
'vast',,,,
'vega',,,,
vegetation',,,,
vermillion',,,,
'vermillish',,,,
'vermillish',,,,
version',,,,
'version',,,,
'vertical',,,,
verticallingy',,,,
'vertically',,,,
'vertically',,,,
very',,,,
very',,,,
'vicinity',,,,
video',,,,
'view',,,,
'viewer',,,,
'viewing',,,,
viewpoint',,,,
'viewpoint',,,,
'vigorously',,,,
villa',,,,
'vineyards',,,,
'violently',,,,
'violently',,,,
visible',,,,
'visible',,,,
'visit',,,,
'visited',,,,
'visiting',,,,
'visitor',,,,
'vivid',,,,
'vividly',,,,
'vividly',,,,
volley',,,,
'volley',,,,
'vulgar',,,,
'wa',,,,
'wa',,,,
'waist',,,,
'wait',,,,
'waitress',,,,
'walk',,,,
'walkable',,,,
'walked',,,,
'walker',,,,
'walking',,,,
walkway',,,,
'walled',,,,
'walled',,,,
wankos',,,,
'wankos',,,,
want',,,,
'want',,,,
'wanted',,,,
wanting',,,,
'wanting',,,,
'warm',,,,
warming,,,,
warrior',,,,
was',,,,
'wash',,,,
'washed',,,,
'washroom',,,,
'wasted',,,,
wat',,,,
wat',,,,
'wat',,,,
'watching',,,,
waterside',,,,
'waterside',,,,
'wave',,,,
'waveside',,,,
'wavesprings',,,,
'wavesprings',,,,
'waving',,,,
'wavy',,,,
way',,,,
'way',,,,
we',,,,
'wear',,,,
'wearing',,,,
'weather',,,,
weave',,,,
'weight',,,,
'well',,,,
went',,,,
'went',,,,
were',,,,
'were',,,,
'western',,,,
'westernstyle',,,,
'wet',,,,
what',,,,
'what',,,,
whatever',,,,
'whatever',,,,
'wheelchairs',,,,
when',,,,
'when',,,,
where',,,,
'where',,,,
whether',,,,
'whether',,,,
'which',,,,
'whichever',,,,
while',,,,
'while',,,,
whirlpool',,,,
whitening',,,,
'whiter',,,,
'whiter',,,,
'whitish',,,,
'whitish',,,,
'who',,,,
'whole',,,,
'whose',,,,
'why',,,,
wide',,,,
'wide',,,,
'widely',,,,
'widely',,,,
'widening',,,,
'wider',,,,
'wider',,,,
'width',,,,
'width',,,,
'wild',,,,
'wildness',,,,
will',,,,
will',,,,
will',,,,
wilted',,,,
'wind',,,,
'windy',,,,
'wiring',,,,
'wish',,,,
wishfully',,,,
'wishfully',,,,
wisteria',,,,
with',,,,
with',,,,
'withering',,,,
within',,,,
'without',,,,
'women',,,,
'womma',,,,
'wonder',,,,
'wonderful',,,,
'wonderfully',,,,
'wonderfully',,,,
'wondering',,,,
'woodgrain',,,,
'woodgraining',,,,
'woodpeck',,,,
'wore',,,,
'wore',,,,
'work',,,,
'worked',,,,
'working',,,,
worn',,,,
'worrisome',,,,
'worrisome',,,,
'worry',,,,
'worrying',,,,
'worshiping',,,,
would',,,,
would',,,,
'would',,,,
'wound',,,,
'wrapped',,,,
'wrapped',,,,
'wrapping',,,,
'wrinkled',,,,
'write',,,,
'write',,,,
'written',,,,
yacht',,,,
yamana',,,,
yamato',,,,
'yamato',,,,
'year',,,,
'yellow',,,,
'yellowcolored',,,,
'yellowgreen',,,,
'yesterday',,,,
yet',,,,
yet',,,,
'york',,,,
you',,,,
you',,,,
'young',,,,
'youngster',,,,
'your',,,,
'your',,,,
'yourself',,,,
'youthful',,,,
yumbo',,,,
'yumbo',,,,
yummy',,,,
'yummy',,,,
zazen',,,,
zazen',,,,
'zazen',,,,
zebra',,,,
zhou',,,,
zhou',,,,
'zhou',,,,
,,,,
,,,,
,,,,
,,,,
,,,,
,,,,
,,,,
,,,,
,,,,
,,,,
,,,,
,,,,
,,,,
,,,,
,,,,
,,,,
,,,,
,,,,
,,,,
,,,,
,,,,
,,,,
,,,,
,,,,
,,,,
,,,,
,,,,
,,,,
,,,,
,,,,
,,,,
,,,,
,,,,